<?xml version="1.0" encoding="UTF-8"?>
<project-private xmlns="http://www.netbeans.org/ns/project-private/1">
    <editor-bookmarks xmlns="http://www.netbeans.org/ns/editor-bookmarks/2" lastBookmarkId="0"/>
    <open-files xmlns="http://www.netbeans.org/ns/projectui-open-files/2">
        <group>
            <file>file:/C:/Users/bruna/Desktop/FeelsMusicINC%20100%25/FeelsMusicINC%20100%25/FeelsMusicINC/src/feelsmusicinc/IconFM.png</file>
            <file>file:/C:/Users/bruna/Desktop/FeelsMusicINC%20100%25/FeelsMusicINC%20100%25/FeelsMusicINC/src/feelsmusicinc/EnvioDeEmail.java</file>
            <file>file:/C:/Users/bruna/Desktop/FeelsMusicINC%20100%25/FeelsMusicINC%20100%25/FeelsMusicINC/src/feelsmusicinc/TelaFM.java</file>
            <file>file:/C:/Users/bruna/Desktop/FeelsMusicINC%20100%25/FeelsMusicINC%20100%25/FeelsMusicINC/src/feelsmusicinc/Clientes.java</file>
            <file>file:/C:/Users/bruna/Desktop/FeelsMusicINC%20100%25/FeelsMusicINC%20100%25/FeelsMusicINC/src/feelsmusicinc/Termos.java</file>
        </group>
    </open-files>
</project-private>
