-- MySQL Script generated by MySQL Workbench
-- Mon Sep 16 21:27:02 2019
-- Model: New Model    Version: 1.0
-- MySQL Workbench Forward Engineering

SET @OLD_UNIQUE_CHECKS=@@UNIQUE_CHECKS, UNIQUE_CHECKS=0;
SET @OLD_FOREIGN_KEY_CHECKS=@@FOREIGN_KEY_CHECKS, FOREIGN_KEY_CHECKS=0;
SET @OLD_SQL_MODE=@@SQL_MODE, SQL_MODE='ONLY_FULL_GROUP_BY,STRICT_TRANS_TABLES,NO_ZERO_IN_DATE,NO_ZERO_DATE,ERROR_FOR_DIVISION_BY_ZERO,NO_ENGINE_SUBSTITUTION';

-- -----------------------------------------------------
-- Schema bancofeelsmusic
-- -----------------------------------------------------

-- -----------------------------------------------------
-- Schema bancofeelsmusic
-- -----------------------------------------------------
CREATE SCHEMA IF NOT EXISTS `bancofeelsmusic` DEFAULT CHARACTER SET utf8 ;
USE `bancofeelsmusic` ;

-- -----------------------------------------------------
-- Table `bancofeelsmusic`.`sentimento`
-- -----------------------------------------------------
CREATE TABLE IF NOT EXISTS `bancofeelsmusic`.`sentimento` (
  `idsentimento` INT AUTO_INCREMENT NOT NULL,
  `nome` VARCHAR(45) NOT NULL,
  PRIMARY KEY (`idsentimento`))
ENGINE = InnoDB;


-- -----------------------------------------------------
-- Table `bancofeelsmusic`.`genero`
-- -----------------------------------------------------
CREATE TABLE IF NOT EXISTS `bancofeelsmusic`.`genero` (
  `idgenero` INT AUTO_INCREMENT NOT NULL,
  `nome` VARCHAR(45) NOT NULL,
  `sentimento_idsentimento` INT NOT NULL,
  PRIMARY KEY (`idgenero`),
  INDEX `fk_genero_sentimento1_idx` (`sentimento_idsentimento` ASC),
  CONSTRAINT `fk_genero_sentimento1`
    FOREIGN KEY (`sentimento_idsentimento`)
    REFERENCES `bancofeelsmusic`.`sentimento` (`idsentimento`)
    ON DELETE NO ACTION
    ON UPDATE NO ACTION)
ENGINE = InnoDB;


-- -----------------------------------------------------
-- Table `bancofeelsmusic`.`tipo_usuario`
-- -----------------------------------------------------
CREATE TABLE IF NOT EXISTS `bancofeelsmusic`.`tipo_usuario` (
  `idtipo_usuario` INT NOT NULL,
  `descricao_usuario` VARCHAR(45) NULL,
  PRIMARY KEY (`idtipo_usuario`))
ENGINE = InnoDB;


-- -----------------------------------------------------
-- Table `bancofeelsmusic`.`usuario`
-- -----------------------------------------------------
CREATE TABLE IF NOT EXISTS `bancofeelsmusic`.`usuario` (
  `idusuario` INT AUTO_INCREMENT NOT NULL,
  `nome` VARCHAR(45) NOT NULL,
  `data_nascimento` DATE NOT NULL,
  `email` VARCHAR(80) NOT NULL,
  `senha` VARCHAR(50) NOT NULL,
  `nickname` VARCHAR(80) NOT NULL,
  `tipo_usuario_idtipo_usuario1` INT NOT NULL,
  `sentimento_idsentimento` INT NOT NULL,
  PRIMARY KEY (`idusuario`),
  INDEX `fk_usuario_tipo_usuario1_idx` (`tipo_usuario_idtipo_usuario1` ASC),
  INDEX `fk_usuario_sentimento1_idx` (`sentimento_idsentimento` ASC),
  CONSTRAINT `fk_usuario_tipo_usuario1`
    FOREIGN KEY (`tipo_usuario_idtipo_usuario1`)
    REFERENCES `bancofeelsmusic`.`tipo_usuario` (`idtipo_usuario`)
    ON DELETE NO ACTION
    ON UPDATE NO ACTION,
  CONSTRAINT `fk_usuario_sentimento1`
    FOREIGN KEY (`sentimento_idsentimento`)
    REFERENCES `bancofeelsmusic`.`sentimento` (`idsentimento`)
    ON DELETE NO ACTION
    ON UPDATE NO ACTION)
ENGINE = InnoDB;


-- -----------------------------------------------------
-- Table `bancofeelsmusic`.`artista`
-- -----------------------------------------------------
CREATE TABLE IF NOT EXISTS `bancofeelsmusic`.`artista` (
  `idartista` INT AUTO_INCREMENT NOT NULL,
  `nome` VARCHAR(45) NOT NULL,
  PRIMARY KEY (`idartista`))
ENGINE = InnoDB;


-- -----------------------------------------------------
-- Table `bancofeelsmusic`.`album`
-- -----------------------------------------------------
CREATE TABLE IF NOT EXISTS `bancofeelsmusic`.`album` (
  `idalbum` INT AUTO_INCREMENT NOT NULL,
  `ano_lancamento` DATE NOT NULL,
  `nome` VARCHAR(45) NOT NULL,
  `artista_idartista` INT NOT NULL,
  PRIMARY KEY (`idalbum`),
  INDEX `fk_album_artista1_idx` (`artista_idartista` ASC),
  CONSTRAINT `fk_album_artista1`
    FOREIGN KEY (`artista_idartista`)
    REFERENCES `bancofeelsmusic`.`artista` (`idartista`)
    ON DELETE NO ACTION
    ON UPDATE NO ACTION)
ENGINE = InnoDB;


-- -----------------------------------------------------
-- Table `bancofeelsmusic`.`musica`
-- -----------------------------------------------------
CREATE TABLE IF NOT EXISTS `bancofeelsmusic`.`musica` (
  `idmusica` INT AUTO_INCREMENT NOT NULL,
  `titulo` VARCHAR(45) NOT NULL,
  `musica_idgenero` INT NOT NULL,
  `album_idalbum` INT NOT NULL,
  PRIMARY KEY (`idmusica`),
  INDEX `fk_musica_musica1_idx` (`musica_idgenero` ASC),
  INDEX `fk_musica_album1_idx` (`album_idalbum` ASC) ,
  CONSTRAINT `fk_musica_musica1`
    FOREIGN KEY (`musica_idgenero`)
    REFERENCES `bancofeelsmusic`.`genero` (`idgenero`)
    ON DELETE NO ACTION
    ON UPDATE NO ACTION,
  CONSTRAINT `fk_musica_album1`
    FOREIGN KEY (`album_idalbum`)
    REFERENCES `bancofeelsmusic`.`album` (`idalbum`)
    ON DELETE NO ACTION
    ON UPDATE NO ACTION)
ENGINE = InnoDB;

SET SQL_MODE=@OLD_SQL_MODE;
SET FOREIGN_KEY_CHECKS=@OLD_FOREIGN_KEY_CHECKS;
SET UNIQUE_CHECKS=@OLD_UNIQUE_CHECKS;

INSERT INTO `bancofeelsmusic`.`tipo_usuario` (`idtipo_usuario`, `descricao_usuario`) VALUES ('1', 'Usuario');
INSERT INTO `bancofeelsmusic`.`tipo_usuario` (`idtipo_usuario`, `descricao_usuario`) VALUES ('2', 'Adm');

INSERT INTO `bancofeelsmusic`.`sentimento` (`idsentimento`, `nome`) VALUES ('1', 'Apaixonado ');
INSERT INTO `bancofeelsmusic`.`sentimento` (`idsentimento`, `nome`) VALUES ('2', 'Com vontade de cantar ');
INSERT INTO `bancofeelsmusic`.`sentimento` (`idsentimento`, `nome`) VALUES ('3', 'Feliz ');
INSERT INTO `bancofeelsmusic`.`sentimento` (`idsentimento`, `nome`) VALUES ('4', 'Inspirado ');
INSERT INTO `bancofeelsmusic`.`sentimento` (`idsentimento`, `nome`) VALUES ('5', 'Querendo Nostalgia ');
INSERT INTO `bancofeelsmusic`.`sentimento` (`idsentimento`, `nome`) VALUES ('6', 'Momento com Deus ');
INSERT INTO `bancofeelsmusic`.`sentimento` (`idsentimento`, `nome`) VALUES ('7', 'Triste ');

INSERT INTO `bancofeelsmusic`.`genero` (`idgenero`, `nome`, `sentimento_idsentimento`) VALUES ('1', 'Funk', '1');
INSERT INTO `bancofeelsmusic`.`genero` (`idgenero`, `nome`, `sentimento_idsentimento`) VALUES ('2', 'Hip Hop/Rap', '1');
INSERT INTO `bancofeelsmusic`.`genero` (`idgenero`, `nome`, `sentimento_idsentimento`) VALUES ('3', 'Música eletrônica', '1');
INSERT INTO `bancofeelsmusic`.`genero` (`idgenero`, `nome`, `sentimento_idsentimento`) VALUES ('4', 'Pagode/Samba', '1');
INSERT INTO `bancofeelsmusic`.`genero` (`idgenero`, `nome`, `sentimento_idsentimento`) VALUES ('5', 'Rock/Pop/Mpb', '1');
INSERT INTO `bancofeelsmusic`.`genero` (`idgenero`, `nome`, `sentimento_idsentimento`) VALUES ('6', 'Sertanejo', '1');


INSERT INTO `bancofeelsmusic`.`genero` (`idgenero`, `nome`, `sentimento_idsentimento`) VALUES ('7', 'Funk', '2');
INSERT INTO `bancofeelsmusic`.`genero` (`idgenero`, `nome`, `sentimento_idsentimento`) VALUES ('8', 'Hip Hop/Rap', '2');
INSERT INTO `bancofeelsmusic`.`genero` (`idgenero`, `nome`, `sentimento_idsentimento`) VALUES ('9', 'Música eletrônica', '2');
INSERT INTO `bancofeelsmusic`.`genero` (`idgenero`, `nome`, `sentimento_idsentimento`) VALUES ('10', 'Pagode/Samba', '2');
INSERT INTO `bancofeelsmusic`.`genero` (`idgenero`, `nome`, `sentimento_idsentimento`) VALUES ('11', 'Rock/Pop/Mpb', '2');
INSERT INTO `bancofeelsmusic`.`genero` (`idgenero`, `nome`, `sentimento_idsentimento`) VALUES ('12', 'Sertanejo', '2');

INSERT INTO `bancofeelsmusic`.`genero` (`idgenero`, `nome`, `sentimento_idsentimento`) VALUES ('13', 'Funk', '3');
INSERT INTO `bancofeelsmusic`.`genero` (`idgenero`, `nome`, `sentimento_idsentimento`) VALUES ('14', 'Hip Hop/Rap', '3');
INSERT INTO `bancofeelsmusic`.`genero` (`idgenero`, `nome`, `sentimento_idsentimento`) VALUES ('15', 'Música eletrônica', '3');
INSERT INTO `bancofeelsmusic`.`genero` (`idgenero`, `nome`, `sentimento_idsentimento`) VALUES ('16', 'Pagode/Samba', '3');
INSERT INTO `bancofeelsmusic`.`genero` (`idgenero`, `nome`, `sentimento_idsentimento`) VALUES ('17', 'Rock/Pop/Mpb', '3');
INSERT INTO `bancofeelsmusic`.`genero` (`idgenero`, `nome`, `sentimento_idsentimento`) VALUES ('18', 'Sertanejo', '3');

INSERT INTO `bancofeelsmusic`.`genero` (`idgenero`, `nome`, `sentimento_idsentimento`) VALUES ('19', 'Funk', '4');
INSERT INTO `bancofeelsmusic`.`genero` (`idgenero`, `nome`, `sentimento_idsentimento`) VALUES ('20', 'Hip Hop/Rap', '4');
INSERT INTO `bancofeelsmusic`.`genero` (`idgenero`, `nome`, `sentimento_idsentimento`) VALUES ('21', 'Música eletrônica', '4');
INSERT INTO `bancofeelsmusic`.`genero` (`idgenero`, `nome`, `sentimento_idsentimento`) VALUES ('22', 'Pagode/Samba', '4');
INSERT INTO `bancofeelsmusic`.`genero` (`idgenero`, `nome`, `sentimento_idsentimento`) VALUES ('23', 'Rock/Pop/Mpb', '4');
INSERT INTO `bancofeelsmusic`.`genero` (`idgenero`, `nome`, `sentimento_idsentimento`) VALUES ('24', 'Sertanejo', '4');

INSERT INTO `bancofeelsmusic`.`genero` (`idgenero`, `nome`, `sentimento_idsentimento`) VALUES ('25', 'Funk', '5');
INSERT INTO `bancofeelsmusic`.`genero` (`idgenero`, `nome`, `sentimento_idsentimento`) VALUES ('26', 'Hip Hop/Rap', '5');
INSERT INTO `bancofeelsmusic`.`genero` (`idgenero`, `nome`, `sentimento_idsentimento`) VALUES ('27', 'Música eletrônica', '5');
INSERT INTO `bancofeelsmusic`.`genero` (`idgenero`, `nome`, `sentimento_idsentimento`) VALUES ('28', 'Pagode/Samba', '5');
INSERT INTO `bancofeelsmusic`.`genero` (`idgenero`, `nome`, `sentimento_idsentimento`) VALUES ('29', 'Rock/Pop/Mpb', '5');
INSERT INTO `bancofeelsmusic`.`genero` (`idgenero`, `nome`, `sentimento_idsentimento`) VALUES ('30', 'Sertanejo', '5');

INSERT INTO `bancofeelsmusic`.`genero` (`idgenero`, `nome`, `sentimento_idsentimento`) VALUES ('31', 'Funk', '6');
INSERT INTO `bancofeelsmusic`.`genero` (`idgenero`, `nome`, `sentimento_idsentimento`) VALUES ('32', 'Hip Hop/Rap', '6');
INSERT INTO `bancofeelsmusic`.`genero` (`idgenero`, `nome`, `sentimento_idsentimento`) VALUES ('33', 'Música eletrônica', '6');
INSERT INTO `bancofeelsmusic`.`genero` (`idgenero`, `nome`, `sentimento_idsentimento`) VALUES ('34', 'Pagode/Samba', '6');
INSERT INTO `bancofeelsmusic`.`genero` (`idgenero`, `nome`, `sentimento_idsentimento`) VALUES ('35', 'Rock/Pop/Mpb', '6');
INSERT INTO `bancofeelsmusic`.`genero` (`idgenero`, `nome`, `sentimento_idsentimento`) VALUES ('36', 'Sertanejo', '6');

INSERT INTO `bancofeelsmusic`.`genero` (`idgenero`, `nome`, `sentimento_idsentimento`) VALUES ('37', 'Funk', '7');
INSERT INTO `bancofeelsmusic`.`genero` (`idgenero`, `nome`, `sentimento_idsentimento`) VALUES ('38', 'Hip Hop/Rap', '7');
INSERT INTO `bancofeelsmusic`.`genero` (`idgenero`, `nome`, `sentimento_idsentimento`) VALUES ('39', 'Música eletrônica', '7');
INSERT INTO `bancofeelsmusic`.`genero` (`idgenero`, `nome`, `sentimento_idsentimento`) VALUES ('40', 'Pagode/Samba', '7');
INSERT INTO `bancofeelsmusic`.`genero` (`idgenero`, `nome`, `sentimento_idsentimento`) VALUES ('41', 'Rock/Pop/Mpb', '7');
INSERT INTO `bancofeelsmusic`.`genero` (`idgenero`, `nome`, `sentimento_idsentimento`) VALUES ('42', 'Sertanejo', '7');


INSERT INTO `bancofeelsmusic`.`artista` (`idartista`, `nome`) VALUES ('1', 'Annita');
INSERT INTO `bancofeelsmusic`.`artista` (`idartista`, `nome`) VALUES ('2', 'Lexa');
INSERT INTO `bancofeelsmusic`.`artista` (`idartista`, `nome`) VALUES ('3', 'Kevinho');
INSERT INTO `bancofeelsmusic`.`artista` (`idartista`, `nome`) VALUES ('4', 'Marilia Mendonça');
INSERT INTO `bancofeelsmusic`.`artista` (`idartista`, `nome`) VALUES ('5', 'Henrique e Juliano');
INSERT INTO `bancofeelsmusic`.`artista` (`idartista`, `nome`) VALUES ('6', 'Gusttavo Lima');
INSERT INTO `bancofeelsmusic`.`artista` (`idartista`, `nome`) VALUES ('7', 'Turma do Pagode');
INSERT INTO `bancofeelsmusic`.`artista` (`idartista`, `nome`) VALUES ('8', 'Dilsinho');
INSERT INTO `bancofeelsmusic`.`artista` (`idartista`, `nome`) VALUES ('9', 'Thiaguinho');

INSERT INTO `bancofeelsmusic`.`album` (`idalbum`, `ano_lancamento`, `nome`, `artista_idartista`) VALUES ('1', '2019-01-01', 'Kisses', '1');
INSERT INTO `bancofeelsmusic`.`album` (`idalbum`, `ano_lancamento`, `nome`, `artista_idartista`) VALUES ('2', '2019-01-01', 'Só depois do carnaval', '2');
INSERT INTO `bancofeelsmusic`.`album` (`idalbum`, `ano_lancamento`, `nome`, `artista_idartista`) VALUES ('3', '2019-01-01', 'O Grave Bater', '3');
INSERT INTO `bancofeelsmusic`.`album` (`idalbum`, `ano_lancamento`, `nome`, `artista_idartista`) VALUES ('4', '2019-01-01', 'Todos os cantos', '4');
INSERT INTO `bancofeelsmusic`.`album` (`idalbum`, `ano_lancamento`, `nome`, `artista_idartista`) VALUES ('5', '2019-01-01', 'Novas Histórias', '5');
INSERT INTO `bancofeelsmusic`.`album` (`idalbum`, `ano_lancamento`, `nome`, `artista_idartista`) VALUES ('6', '2019-01-01', 'O Embaixador', '6');
INSERT INTO `bancofeelsmusic`.`album` (`idalbum`, `ano_lancamento`, `nome`, `artista_idartista`) VALUES ('7', '2019-01-01', 'O Som das Multidões', '7');
INSERT INTO `bancofeelsmusic`.`album` (`idalbum`, `ano_lancamento`, `nome`, `artista_idartista`) VALUES ('8', '2019-01-01', 'Terra do nunca', '8');
INSERT INTO `bancofeelsmusic`.`album` (`idalbum`, `ano_lancamento`, `nome`, `artista_idartista`) VALUES ('9', '2019-01-01', 'Tardezinha', '9');

INSERT INTO `bancofeelsmusic`.`usuario` (`idusuario`, `nome`, `data_nascimento`, `email`, `senha`, `nickname`, `tipo_usuario_idtipo_usuario1`, `sentimento_idsentimento`) VALUES ('1', 'Bruna Ribeiro', '1995-09-18', 'brunaeita@hotmail.com', 'bru123', 'Bru', '2', '1');
INSERT INTO `bancofeelsmusic`.`usuario` (`idusuario`, `nome`, `data_nascimento`, `email`, `senha`, `nickname`, `tipo_usuario_idtipo_usuario1`, `sentimento_idsentimento`) VALUES ('2', 'Guilherme Koerber', '2001-11-10', 'gk01@hotmail.com', 'gui123', 'Bru', '2', '1');
INSERT INTO `bancofeelsmusic`.`usuario` (`idusuario`, `nome`, `data_nascimento`, `email`, `senha`, `nickname`, `tipo_usuario_idtipo_usuario1`, `sentimento_idsentimento`) VALUES ('3', 'Felipe Rangel', '1990-06-20', 'feliperangel@hotmail.com', 'lipe123', 'Lipe', '2', '1');
INSERT INTO `bancofeelsmusic`.`usuario` (`idusuario`, `nome`, `data_nascimento`, `email`, `senha`, `nickname`, `tipo_usuario_idtipo_usuario1`, `sentimento_idsentimento`) VALUES ('4', 'Roberto Casagrande', '1998-03-18', 'casaroberto@hotmail.com', 'casa123', 'Casa', '2', '1');
INSERT INTO `bancofeelsmusic`.`usuario` (`idusuario`, `nome`, `data_nascimento`, `email`, `senha`, `nickname`, `tipo_usuario_idtipo_usuario1`, `sentimento_idsentimento`) VALUES ('5', 'Bruna Ribeiro', '1998-03-18', 'brunaeita@gmail.com', 'bruna123', 'bruna', '1', '1');


UPDATE `usuario` SET `nickname` = 'GK' WHERE `usuario`.`idusuario` = 2;

ALTER TABLE `usuario` ADD UNIQUE (`nickname`);

ALTER TABLE `usuario` ADD UNIQUE (`email`);

ALTER TABLE `musica` ADD `caminho` VARCHAR(80);

INSERT `musica` (`idmusica`, `titulo`, `musica_idgenero`, `album_idalbum`, `caminho`)
    VALUES (1, 'Fazer Falta', 1,3, '../../assets/musics/Fazer Falta.mp3');

INSERT `musica` (`idmusica`, `titulo`, `musica_idgenero`, `album_idalbum`, `caminho`)
    VALUES (2, 'On The Floor', 3,3, '../../assets/musics/On the floor (reduzida).mp3');

INSERT `musica` (`idmusica`, `titulo`, `musica_idgenero`, `album_idalbum`, `caminho`)
    VALUES (3, 'Troféu do Ano', 1,3, '../../assets/musics/Troféu do Ano.mp3');

INSERT `musica` (`idmusica`, `titulo`, `musica_idgenero`, `album_idalbum`, `caminho`)
    VALUES (4, 'Pirata e Tesouro', 4,9, '../../assets/musics/Pirata e Tesouro (reduzida).mp3');

INSERT `musica` (`idmusica`, `titulo`, `musica_idgenero`, `album_idalbum`, `caminho`)
    VALUES (5, 'A Dama E O Vagabundo', 6,6, '../../assets/musics/A Dama e o Vagabundo (reduzida).mp3');

INSERT `musica` (`idmusica`, `titulo`, `musica_idgenero`, `album_idalbum`, `caminho`)
    VALUES (6, 'Sunshine', 3,2, '../../assets/musics/Sunshine (reduzida).mp3');

INSERT `musica` (`idmusica`, `titulo`, `musica_idgenero`, `album_idalbum`, `caminho`)
    VALUES (7, 'Turn Of The Lights', 3,2, '../../assets/musics/Turn of the lights (reduzida).mp3');

INSERT `musica` (`idmusica`, `titulo`, `musica_idgenero`, `album_idalbum`, `caminho`)
    VALUES (8, 'Viva a Vida', 4,9, '../../assets/musics/Turn of the lights (reduzida).mp3');

INSERT `musica` (`idmusica`, `titulo`, `musica_idgenero`, `album_idalbum`, `caminho`)
    VALUES (9, 'Chuva de Novembro - Projota', 2,5, '../../assets/musics/Chuva de Novembro - Projota.mp3');

INSERT `musica` (`idmusica`, `titulo`, `musica_idgenero`, `album_idalbum`, `caminho`)
    VALUES (10, 'The One You Loved Is Gone - Slash', 5,8, '../../assets/musics/The One You Loved Is Gone - Slash.mp3');

INSERT `musica` (`idmusica`, `titulo`, `musica_idgenero`, `album_idalbum`, `caminho`)
    VALUES (11, 'Partiu - MC Kekel', 7,2, '../../assets/musics/Partiu - MC Kekel.mp3');

INSERT `musica` (`idmusica`, `titulo`, `musica_idgenero`, `album_idalbum`, `caminho`)
    VALUES (12, 'Eterna Sacanagem - MC Jottape, MC Kekel e Kevinho', 7,2, '../../assets/musics/Eterna Sacanagem - MC Jottape, MC Kekel e Kevinho.mp3');

INSERT `musica` (`idmusica`, `titulo`, `musica_idgenero`, `album_idalbum`, `caminho`)
    VALUES (13, 'Goosebumps - Travis Scott ft. Kendrick Lamar', 8,4, '../../assets/musics/Goosebumps - Travis Scott ft. Kendrick Lamar.mp3');

INSERT `musica` (`idmusica`, `titulo`, `musica_idgenero`, `album_idalbum`, `caminho`)
    VALUES (14, 'Estilo Cachorro - Racionais MCs', 8,7, '../../assets/musics/Estilo Cachorro - Racionais MCs.mp3');

INSERT `musica` (`idmusica`, `titulo`, `musica_idgenero`, `album_idalbum`, `caminho`)
    VALUES (15, 'In The Dark - Vintage Culture ft. Fancy INC', 9,2, '../../assets/musics/In The Dark - Vintage Culture ft. Fancy INC.mp3');

INSERT `musica` (`idmusica`, `titulo`, `musica_idgenero`, `album_idalbum`, `caminho`)
    VALUES (16, 'Hear Me Now - Alok, Bruno Martini e Zeeba', 9,3, '../../assets/musics/Hear Me Now - Alok, Bruno Martini e Zeeba.mp3');

INSERT `musica` (`idmusica`, `titulo`, `musica_idgenero`, `album_idalbum`, `caminho`)
    VALUES (17, 'Tá Escrito - Grupo Revelação', 10,2, '../../assets/musics/Tá Escrito - Grupo Revelação.mp3');

INSERT `musica` (`idmusica`, `titulo`, `musica_idgenero`, `album_idalbum`, `caminho`)
    VALUES (18, 'Camisa 10 - Turma do Pagode', 10,8, '../../assets/musics/Camisa 10 - Turma do Pagode.mp3');

INSERT `musica` (`idmusica`, `titulo`, `musica_idgenero`, `album_idalbum`, `caminho`)
    VALUES (19, 'Sweet Child Of Mine - Guns N Roses', 11,5, '../../assets/musics/Sweet Child Of Mine - Guns N Roses.mp3');

INSERT `musica` (`idmusica`, `titulo`, `musica_idgenero`, `album_idalbum`, `caminho`)
    VALUES (20, 'We Will Rock You - Queen', 11,7, '../../assets/musics/We Will Rock You - Queen.mp3');

INSERT `musica` (`idmusica`, `titulo`, `musica_idgenero`, `album_idalbum`, `caminho`)
    VALUES (21, 'Infiel - Marília Mendonça', 12,6, '../../assets/musics/Infiel - Marília Mendonça.mp3');

INSERT `musica` (`idmusica`, `titulo`, `musica_idgenero`, `album_idalbum`, `caminho`)
    VALUES (22, 'Regime Fechado -Simone e Simaria', 12,9, '../../assets/musics/Regime Fechado - Simone e Simaria.mp3');

INSERT `musica` (`idmusica`, `titulo`, `musica_idgenero`, `album_idalbum`, `caminho`)
    VALUES (23, 'Always - Bon Jovi', 5,3, '../../assets/musics/Always - Bon Jovi.mp3');

INSERT `musica` (`idmusica`, `titulo`, `musica_idgenero`, `album_idalbum`, `caminho`)
    VALUES (24, 'É o Amor - Zezé Di Camargo e Luciano', 6,2, '../../assets/musics/É o Amor - Zezé Di Camargo e Luciano.mp3');

INSERT `musica` (`idmusica`, `titulo`, `musica_idgenero`, `album_idalbum`, `caminho`)
    VALUES (25, 'Cerol na Mão - Bonde do Tigrão', 25,1, '../../assets/musics/Cerol na Mão - Bonde do Tigrão.mp3');

INSERT `musica` (`idmusica`, `titulo`, `musica_idgenero`, `album_idalbum`, `caminho`)
    VALUES (26, 'Smack That - Akon ft. Eminem', 26,8, '../../assets/musics/Smack That - Akon ft. Eminem.mp3');

INSERT `musica` (`idmusica`, `titulo`, `musica_idgenero`, `album_idalbum`, `caminho`)
    VALUES (27, 'Pa Panamericano - El Original', 27,6, '../../assets/musics/Pa Panamericano - El Original.mp3');

INSERT `musica` (`idmusica`, `titulo`, `musica_idgenero`, `album_idalbum`, `caminho`)
    VALUES (28, 'Brincadeira de Criança - Molejo', 28,3, '../../assets/musics/Brincadeira de Criança - Molejo.mp3');

    
INSERT `musica` (`idmusica`, `titulo`, `musica_idgenero`, `album_idalbum`, `caminho`)  
    VALUES (29, 'We Will Rock You - Queen', 29,2, '../../assets/musics/We Will Rock You - Queen.mp3');
    
INSERT `musica` (`idmusica`, `titulo`, `musica_idgenero`, `album_idalbum`, `caminho`)  
    VALUES (30, 'Estrada da Vida - Milionário e José Rico', 30,7, '../../assets/musics/Estrada da Vida - Milionário e José Rico.mp3');
    
INSERT `musica` (`idmusica`, `titulo`, `musica_idgenero`, `album_idalbum`, `caminho`)  
    VALUES (31, 'Poesia Acústica 7 - Céu Azul', 2,1, '../../assets/musics/Poesia Acústica 7 - Céu Azul.mp3');
    
INSERT `musica` (`idmusica`, `titulo`, `musica_idgenero`, `album_idalbum`, `caminho`)  
    VALUES (32, 'Aliança no Dedo - Turma do Pagode', 4,7, '../../assets/musics/Aliança no Dedo - Turma do Pagode.mp3');
    
INSERT `musica` (`idmusica`, `titulo`, `musica_idgenero`, `album_idalbum`, `caminho`)
    VALUES (33, 'Evoluiu- MC Kevin O Chris', 19,1, '../../assets/musics/Evoluiu- MC Kevin O Chris.mp3');

INSERT `musica` (`idmusica`, `titulo`, `musica_idgenero`, `album_idalbum`, `caminho`)
    VALUES (34, 'Garupa 2 - DJ Henrique de Ferraz', 19,6, '../../assets/musics/Garupa 2 - DJ Henrique de Ferraz.mp3');

INSERT `musica` (`idmusica`, `titulo`, `musica_idgenero`, `album_idalbum`, `caminho`)
    VALUES (35, 'Levanta e Anda - Emicida', 20,4, '../../assets/musics/Levanta e Anda - Emicida.mp3');

INSERT `musica` (`idmusica`, `titulo`, `musica_idgenero`, `album_idalbum`, `caminho`)
    VALUES (36, 'Not Afraid - Eminem', 20,9, '../../assets/musics/Not Afraid - Eminem.mp3');

INSERT `musica` (`idmusica`, `titulo`, `musica_idgenero`, `album_idalbum`, `caminho`)
    VALUES (37, 'My Girl - Vintage Culture e Fancy INC', 21,2, '../../assets/musics/My Girl - Vintage Culture e Fancy INC.mp3');

INSERT `musica` (`idmusica`, `titulo`, `musica_idgenero`, `album_idalbum`, `caminho`)
    VALUES (38, 'Hey Hey Hey - Chemical Surf (Doozie Remix)', 21,4, '../../assets/musics/Hey Hey Hey - Chemical Surf (Doozie Remix).mp3');

INSERT `musica` (`idmusica`, `titulo`, `musica_idgenero`, `album_idalbum`, `caminho`)
    VALUES (39, 'Saideira - Atitude 67', 22,8, '../../assets/musics/Saideira - Atitude 67.mp3');

INSERT `musica` (`idmusica`, `titulo`, `musica_idgenero`, `album_idalbum`, `caminho`)
    VALUES (40, 'Vamo Que Vamo - Thiaguinho', 22,3, '../../assets/musics/Vamo Que Vamo - Thiaguinho.mp3');

INSERT `musica` (`idmusica`, `titulo`, `musica_idgenero`, `album_idalbum`, `caminho`)
    VALUES (41, 'Shoot To Thrill - ACDC', 23,1, '../../assets/musics/Shoot To Thrill - ACDC.mp3');

INSERT `musica` (`idmusica`, `titulo`, `musica_idgenero`, `album_idalbum`, `caminho`)
    VALUES (42, 'Sweet Child Of Mine - Guns N Roses', 23,4, '../../assets/musics/Sweet Child Of Mine - Guns N Roses.mp3');

INSERT `musica` (`idmusica`, `titulo`, `musica_idgenero`, `album_idalbum`, `caminho`)
    VALUES (43, 'Sapequinha - Eduardo Costa', 24,2, '../../assets/musics/Sapequinha - Eduardo Costa.mp3');

INSERT `musica` (`idmusica`, `titulo`, `musica_idgenero`, `album_idalbum`, `caminho`)
    VALUES (44, 'Jenifer - Gabriel Diniz', 24,8, '../../assets/musics/Jenifer - Gabriel Diniz.mp3');
    
INSERT `musica` (`idmusica`, `titulo`, `musica_idgenero`, `album_idalbum`, `caminho`)
    VALUES (45, 'Rabiola - Kevinho', 13,6, '../../assets/musics/Rabiola - Kevinho.mp3');

INSERT `musica` (`idmusica`, `titulo`, `musica_idgenero`, `album_idalbum`, `caminho`)
    VALUES (46, 'Invocada - Ludmilla e Leo Santana', 13,1, '../../assets/musics/Invocada - Ludmilla e Leo Santana.mp3');

INSERT `musica` (`idmusica`, `titulo`, `musica_idgenero`, `album_idalbum`, `caminho`)
    VALUES (47, 'No Guidance - Chris Brown ft Drake', 14,8, '../../assets/musics/No Guidance - Chris Brown ft Drake.mp3');

INSERT `musica` (`idmusica`, `titulo`, `musica_idgenero`, `album_idalbum`, `caminho`)
    VALUES (48, 'Da Ponte Pra Cá - Racionais MCs', 14,2, '../../assets/musics/Da Ponte Pra Cá - Racionais MCs.mp3');

INSERT `musica` (`idmusica`, `titulo`, `musica_idgenero`, `album_idalbum`, `caminho`)
    VALUES (49, 'Feel The Vibe (UH UH) - Dubdogz e The Fish House', 15,4, '../../assets/musics/Feel The Vibe (UH UH) - Dubdogz e The Fish House.mp3');

INSERT `musica` (`idmusica`, `titulo`, `musica_idgenero`, `album_idalbum`, `caminho`)
    VALUES (50, 'Me Gusta - Kvsh, Beowlf e Flakk', 15,2, '../../assets/musics/Me Gusta - Kvsh, Beowlf e Flakk.mp3');

INSERT `musica` (`idmusica`, `titulo`, `musica_idgenero`, `album_idalbum`, `caminho`)
    VALUES (51, 'Atrasadinha - Felipe Araújo e Ferrugem', 16,9, '../../assets/musics/Atrasadinha - Felipe Araújo e Ferrugem.mp3');

INSERT `musica` (`idmusica`, `titulo`, `musica_idgenero`, `album_idalbum`, `caminho`)
    VALUES (52, 'Sua Mãe Vai Me Amar - Turma do Pagode', 16,5, '../../assets/musics/Sua Mãe Vai Me Amar - Turma do Pagode.mp3');

INSERT `musica` (`idmusica`, `titulo`, `musica_idgenero`, `album_idalbum`, `caminho`)
    VALUES (53, 'Mind Your Manners - Slash', 17,1, '../../assets/musics/Mind Your Manners - Slash.mp3');

INSERT `musica` (`idmusica`, `titulo`, `musica_idgenero`, `album_idalbum`, `caminho`)
    VALUES (54, 'Cant Stop - Red Hot Chili Peppers - Bon Jovi', 17,7, '../../assets/musics/Cant Stop - Red Hot Chili Peppers.mp3');

INSERT `musica` (`idmusica`, `titulo`, `musica_idgenero`, `album_idalbum`, `caminho`)
    VALUES (55, 'Ce Acredita - João Neto e Frederico ft. Kevinho', 18,2, '../../assets/musics/Ce Acredita - João Neto e Frederico ft. Kevinho.mp3');

INSERT `musica` (`idmusica`, `titulo`, `musica_idgenero`, `album_idalbum`, `caminho`)
    VALUES (56, 'Avisa Aí - João Neto e Frederico ft. Kevinho', 18,7, '../../assets/musics/Avisa Aí - João Neto e Frederico ft. Kevinho.mp3');
 
 INSERT `musica` (`idmusica`, `titulo`, `musica_idgenero`, `album_idalbum`, `caminho`)
    VALUES (57, 'Só Quem É Cristão - DJ Robinho de Jesus', 31,8, '../../assets/musics/Só Quem É Cristão - DJ Robinho de Jesus.mp3');

INSERT `musica` (`idmusica`, `titulo`, `musica_idgenero`, `album_idalbum`, `caminho`)
    VALUES (58, 'Perdão a Cura Para o Ódio - Mensageiros da Profecia', 32,2, '../../assets/musics/Perdão a Cura Para o Ódio - Mensageiros da Profecia.mp3');

INSERT `musica` (`idmusica`, `titulo`, `musica_idgenero`, `album_idalbum`, `caminho`)
    VALUES (59, 'Tu És Real- DJ PV', 33,7, '../../assets/musics/Tu És Real- DJ PV.mp3');

INSERT `musica` (`idmusica`, `titulo`, `musica_idgenero`, `album_idalbum`, `caminho`)
    VALUES (60, 'Você Precisa Crer - Grupo Dupla Honra', 34,9, '../../assets/musics/Você Precisa Crer - Grupo Dupla Honra.mp3');

INSERT `musica` (`idmusica`, `titulo`, `musica_idgenero`, `album_idalbum`, `caminho`)
    VALUES (61, 'Cartas Ao Remetente - Rose de Saron', 35,7, '../../assets/musics/Cartas Ao Remetente - Rose de Saron.mp3');

INSERT `musica` (`idmusica`, `titulo`, `musica_idgenero`, `album_idalbum`, `caminho`)
    VALUES (62, 'Chuva de Poder - André & Felipe', 36,3, '../../assets/musics/Chuva de Poder - André & Felipe.mp3');

INSERT `musica` (`idmusica`, `titulo`, `musica_idgenero`, `album_idalbum`, `caminho`)
    VALUES (63, 'Invocada - Ludmilla e Leo Santana', 37,7, '../../assets/musics/Invocada - Ludmilla e Leo Santana.mp3');

INSERT `musica` (`idmusica`, `titulo`, `musica_idgenero`, `album_idalbum`, `caminho`)
    VALUES (64, 'No Guidance - Chris Brown ft Drake', 38,7, '../../assets/musics/No Guidance - Chris Brown ft Drake.mp3');

INSERT `musica` (`idmusica`, `titulo`, `musica_idgenero`, `album_idalbum`, `caminho`)
    VALUES (65, 'I Will Find - Vintage Culture', 39,7, '../../assets/musics/I Will Find - Vintage Culture.mp3');

INSERT `musica` (`idmusica`, `titulo`, `musica_idgenero`, `album_idalbum`, `caminho`)
    VALUES (66, 'Deu a Louca - Turma do Pagode ft. MC Guimê', 40,7, '../../assets/musics/Deu a Louca - Turma do Pagode ft. MC Guimê.mp3');

INSERT `musica` (`idmusica`, `titulo`, `musica_idgenero`, `album_idalbum`, `caminho`)
    VALUES (67, 'By The Sword - Slash', 41,7, '../../assets/musics/By The Sword - Slash.mp3');

INSERT `musica` (`idmusica`, `titulo`, `musica_idgenero`, `album_idalbum`, `caminho`)
    VALUES (68, 'Boate Azul - Bruno e Marrone', 42,7, '../../assets/musics/Boate Azul - Bruno e Marrone.mp3');
    

    

    

  